n,taps,cpu_p50_ns,gpu_p50_ns,cpu_p90_ns,gpu_p90_ns,max_abs_error
16384,64,101750.0,395208.0,129333.0,657834.0,5.9604645e-08
32768,64,177792.0,443750.0,195458.0,624541.0,7.4505806e-08
65536,64,281125.0,540042.0,303625.0,714875.0,7.4505806e-08
262144,64,941667.0,1050000.0,1012292.0,1103542.0,7.4505806e-08
1048576,64,3386417.0,2880667.0,3685375.0,2940167.0,8.940697e-08
16384,128,188792.0,396750.0,221292.0,562625.0,4.8428774e-08
32768,128,309625.0,435583.0,327375.0,564000.0,4.8428774e-08
65536,128,512125.0,482083.0,580125.0,508667.0,5.2154064e-08
262144,128,2129542.0,886333.0,2292166.0,1511458.0,5.2154064e-08
1048576,128,8245791.0,4634417.0,8861916.0,4905375.0,5.9604645e-08
16384,256,372041.0,502375.0,408750.0,675500.0,3.3527613e-08
32768,256,650167.0,511834.0,694542.0,702000.0,3.3527613e-08
65536,256,1142708.0,533666.0,1268667.0,594542.0,3.3527613e-08
262144,256,4775250.0,2382959.0,4841792.0,2453542.0,3.3527613e-08
1048576,256,17932041.0,8220542.0,19135167.0,8332250.0,4.0978193e-08
